experiment_kind,feature_mode,use_standard_scaler,n_features,best_cv_r2_mean,test_r2,test_mae,test_rmse,best_params_json
random_search_cv,full,True,26,0.36333549144067445,0.3798796056831004,0.04194286129697299,0.05460286648700964,"{""colsample_bytree"": 0.9181066446651219, ""learning_rate"": 0.1749315049861418, ""max_depth"": 9, ""min_child_weight"": 6, ""n_estimators"": 216, ""subsample"": 0.7681734871115424}"
random_search_cv,full,False,26,0.36333549144067445,0.3798796056831004,0.04194286129697299,0.05460286648700964,"{""colsample_bytree"": 0.9181066446651219, ""learning_rate"": 0.1749315049861418, ""max_depth"": 9, ""min_child_weight"": 6, ""n_estimators"": 216, ""subsample"": 0.7681734871115424}"
random_search_cv,core,True,12,0.2681383872534955,0.5117621690703407,0.037051979990231264,0.04844992944767773,"{""colsample_bytree"": 0.6578028508001377, ""learning_rate"": 0.04608107697642015, ""max_depth"": 6, ""min_child_weight"": 10, ""n_estimators"": 239, ""subsample"": 0.7988018900820977}"
random_search_cv,core,False,12,0.2681383872534955,0.5117621690703407,0.037051979990231264,0.04844992944767773,"{""colsample_bytree"": 0.6578028508001377, ""learning_rate"": 0.04608107697642015, ""max_depth"": 6, ""min_child_weight"": 10, ""n_estimators"": 239, ""subsample"": 0.7988018900820977}"
random_search_cv,extended,True,31,0.38244304374426025,0.41141859869299724,0.04673831897427391,0.05319621131384162,"{""colsample_bytree"": 0.878322780252129, ""learning_rate"": 0.13476034484393837, ""max_depth"": 5, ""min_child_weight"": 3, ""n_estimators"": 306, ""subsample"": 0.6038174106722358}"
random_search_cv,extended,False,31,0.38244304374426025,0.41141859869299724,0.04673831897427391,0.05319621131384162,"{""colsample_bytree"": 0.878322780252129, ""learning_rate"": 0.13476034484393837, ""max_depth"": 5, ""min_child_weight"": 3, ""n_estimators"": 306, ""subsample"": 0.6038174106722358}"
yaml_baseline,full,True,26,,0.4887892669478088,0.04114018395658079,0.04957667736205245,"{""n_estimators"": 280, ""max_depth"": 5, ""learning_rate"": 0.06, ""subsample"": 0.88, ""colsample_bytree"": 0.88, ""reg_lambda"": 1.0, ""min_child_weight"": 1, ""note"": ""yaml_baseline_no_search""}"
