{
  "csv": "D:\\cursor\\code\\SteelFiberCrackPredictor\\data\\training_data.csv",
  "models_dir": "D:\\cursor\\code\\SteelFiberCrackPredictor\\models",
  "n_test": 25,
  "partition": {
    "test_size": 0.2,
    "random_state": 42
  },
  "crack_width": {
    "task": "regression",
    "test_mae": 0.04078334941698418,
    "test_rmse": 0.049885262823606356,
    "test_r2": 0.4987884150180596
  },
  "crack_density": {
    "task": "regression",
    "test_mae": 0.2968832710661901,
    "test_rmse": 0.3740604474913437,
    "test_r2": -0.10940199927588545
  },
  "cracking_risk": {
    "task": "multiclass_classification",
    "test_accuracy": 0.56,
    "test_macro_f1": 0.5588235294117648,
    "test_weighted_f1": 0.56,
    "classification_report": {
      "0": {
        "precision": 0.5555555555555556,
        "recall": 0.625,
        "f1-score": 0.5882352941176471,
        "support": 8.0
      },
      "1": {
        "precision": 0.5,
        "recall": 0.5,
        "f1-score": 0.5,
        "support": 8.0
      },
      "2": {
        "precision": 0.625,
        "recall": 0.5555555555555556,
        "f1-score": 0.5882352941176471,
        "support": 9.0
      },
      "accuracy": 0.56,
      "macro avg": {
        "precision": 0.5601851851851852,
        "recall": 0.5601851851851852,
        "f1-score": 0.5588235294117648,
        "support": 25.0
      },
      "weighted avg": {
        "precision": 0.5627777777777778,
        "recall": 0.56,
        "f1-score": 0.56,
        "support": 25.0
      }
    }
  }
}