{
  "crack_width": {
    "fiber_content": 0.01505319494754076,
    "aspect_ratio": 0.011198225431144238,
    "tensile_strength": 0.0278150737285614,
    "fiber_type_enc": 0.00438719755038619,
    "fiber_material_enc": 0.11754707247018814,
    "cube_strength_mpa": 0.04290223866701126,
    "strength_grade_enc": 0.046071238815784454,
    "concrete_type_enc": 0.04127135127782822,
    "binder_content": 0.024849141016602516,
    "cement_content": 0.010803204961121082,
    "fly_ash": 0.03702376037836075,
    "slag_grade_enc": 0.05262695625424385,
    "slag_powder": 0.014697091653943062,
    "mixing_water": 0.05578770488500595,
    "w_b_ratio": 0.15165278315544128,
    "sand_type_enc": 0.03300362080335617,
    "sand_content": 0.021384527906775475,
    "sand_ratio": 0.03414980322122574,
    "stone_content": 0.01626742258667946,
    "admixture_enc": 0.03703846037387848,
    "admixture_dosage": 0.01677653193473816,
    "curing_days": 0.027365602552890778,
    "temperature": 0.02937069535255432,
    "humidity": 0.07158083468675613,
    "casting_method_enc": 0.022905735298991203,
    "fiber_content_x_aspect_ratio": 0.03647063672542572
  },
  "crack_density": {
    "fiber_content": 0.04999116063117981,
    "aspect_ratio": 0.024119120091199875,
    "tensile_strength": 0.05915892869234085,
    "fiber_type_enc": 0.03473646938800812,
    "fiber_material_enc": 0.23339882493019104,
    "cube_strength_mpa": 0.021990466862916946,
    "strength_grade_enc": 0.012178342789411545,
    "concrete_type_enc": 0.048111457377672195,
    "binder_content": 0.07393864542245865,
    "cement_content": 0.02556471899151802,
    "fly_ash": 0.017891358584165573,
    "slag_grade_enc": 0.013502981513738632,
    "slag_powder": 0.019918283447623253,
    "mixing_water": 0.023154035210609436,
    "w_b_ratio": 0.058498673141002655,
    "sand_type_enc": 0.026018856093287468,
    "sand_content": 0.01820194721221924,
    "sand_ratio": 0.018696341663599014,
    "stone_content": 0.042762238532304764,
    "admixture_enc": 0.027331138029694557,
    "admixture_dosage": 0.030140671879053116,
    "curing_days": 0.03381708636879921,
    "temperature": 0.027838602662086487,
    "humidity": 0.023093681782484055,
    "casting_method_enc": 0.008230277337133884,
    "fiber_content_x_aspect_ratio": 0.02771572768688202
  },
  "cracking_risk": {
    "fiber_content": 0.08642400056123734,
    "aspect_ratio": 0.03462417051196098,
    "tensile_strength": 0.03919623792171478,
    "fiber_type_enc": 0.03999113664031029,
    "fiber_material_enc": 0.034384049475193024,
    "cube_strength_mpa": 0.0329626090824604,
    "strength_grade_enc": 0.03362473100423813,
    "concrete_type_enc": 0.034343354403972626,
    "binder_content": 0.02877616696059704,
    "cement_content": 0.030675148591399193,
    "fly_ash": 0.037053536623716354,
    "slag_grade_enc": 0.03929615020751953,
    "slag_powder": 0.046202532947063446,
    "mixing_water": 0.030224960297346115,
    "w_b_ratio": 0.05271698534488678,
    "sand_type_enc": 0.02919302135705948,
    "sand_content": 0.029451947659254074,
    "sand_ratio": 0.026831407099962234,
    "stone_content": 0.03430863097310066,
    "admixture_enc": 0.03301939740777016,
    "admixture_dosage": 0.043585218489170074,
    "curing_days": 0.03107221983373165,
    "temperature": 0.03489355742931366,
    "humidity": 0.0343184731900692,
    "casting_method_enc": 0.025319458916783333,
    "fiber_content_x_aspect_ratio": 0.07751092314720154
  }
}