feature_zh,mean_abs_shap
水胶比,0.024036278010694613
纤维材质(编码),0.016151481749563403
环境湿度(%),0.007347367438005608
立方体强度(MPa),0.006651019002341278
纤维掺量(%),0.006334375134719318
用水量(kg/m³),0.006003319491417931
混凝土类型(编码),0.004258907863624179
砂率(%),0.003961846746388251
纤维抗拉(MPa),0.0034016040920449324
矿粉等级(编码),0.0033399929763774177
